{
  "threshold_buy": 3.5744522193476904e-05,
  "threshold_sell": -0.0009585205438232835
}