{
  "threshold_buy": 0.00043461379152343206,
  "threshold_sell": -0.00012770568717323749
}