{
  "threshold_buy": 0.0009181149208821149,
  "threshold_sell": -3.557266215223242e-05
}